{"nm":"Untitled file","ddd":0,"h":500,"w":500,"meta":{"g":"@lottiefiles/creator 1.11.0"},"layers":[{"ty":0,"nm":" Untitled file","sr":1,"st":0,"op":180,"ip":0,"hd":false,"ddd":0,"bm":0,"hasMask":false,"ao":0,"ks":{"a":{"a":0,"k":[249.99999999999997,256.3017632657064]},"s":{"a":0,"k":[100,100]},"sk":{"a":0,"k":0},"p":{"a":0,"k":[249.99999999999997,256.3017632657064]},"r":{"a":0,"k":0},"sa":{"a":0,"k":0},"o":{"a":0,"k":100}},"w":500,"h":500,"refId":"precomp_Untitled file_dc65d07a-1542-4535-8fd8-c93bfbad7fcf","ind":1}],"v":"5.7.0","fr":30,"op":180,"ip":0,"assets":[{"nm":"kyt_spinner","id":"precomp_kyt_spinner_97ef18f1-4157-4c08-9c82-675b52dda4eb_b51e5d5c-0b2c-414d-9272-7f4154035934","fr":60,"layers":[{"ty":4,"nm":"Pointer","sr":1,"st":0,"op":180,"ip":0,"hd":false,"ddd":0,"bm":0,"hasMask":false,"ao":0,"ks":{"a":{"a":0,"k":[-20,17,0],"ix":1},"s":{"a":0,"k":[100,100,100],"ix":6},"sk":{"a":0,"k":0},"p":{"a":0,"k":[160.027,127.902,0],"ix":2},"r":{"a":1,"k":[{"o":{"x":0,"y":0},"i":{"x":0.661,"y":0.808},"s":[-138.928],"t":0},{"o":{"x":0,"y":-0.001},"i":{"x":0.374,"y":0.566},"s":[-25.874],"t":40},{"o":{"x":0.27,"y":-0.128},"i":{"x":0.611,"y":1.13},"s":[-63.321],"t":60},{"o":{"x":0.314,"y":0.092},"i":{"x":0.649,"y":0.79},"s":[19.007],"t":90},{"o":{"x":0.322,"y":-0.279},"i":{"x":0.656,"y":1.021},"s":[-106.069],"t":130},{"o":{"x":0.333,"y":0.017},"i":{"x":0.66,"y":1},"s":[-62.75],"t":150},{"s":[-138.928],"t":180}],"ix":10},"sa":{"a":0,"k":0},"o":{"a":0,"k":100,"ix":11}},"shapes":[{"ty":"gr","bm":0,"hd":false,"mn":"ADBE Vector Group","nm":"Rectangle 10","ix":1,"cix":2,"np":3,"it":[{"ty":"sh","bm":0,"hd":false,"mn":"ADBE Vector Shape - Group","nm":"ÃÂÃÂ¾ÃÂ½ÃÂÃÂÃÂ 1","ix":1,"d":1,"ks":{"a":0,"k":{"c":true,"i":[[0.378,0.431],[0.44,-0.366],[0,0],[-0.903,-1.03],[-1.007,0.93],[0,0]],"o":[[-0.378,-0.431],[0,0],[-1.053,0.876],[0.903,1.03],[0,0],[0.421,-0.389]],"v":[[21.602,-19.023],[20.132,-19.139],[-20.986,15.074],[-21.259,18.553],[-17.775,18.737],[21.524,-17.551]]},"ix":2}},{"ty":"rd","bm":0,"hd":false,"mn":"ADBE Vector Filter - RC","nm":"ÃÂ¡ÃÂºÃÂÃÂÃÂ³ÃÂ»ÃÂµÃÂ½ÃÂ½ÃÂÃÂµ ÃÂÃÂ³ÃÂ»ÃÂ 1","ix":2,"r":{"a":0,"k":19.383,"ix":1}},{"ty":"fl","bm":0,"hd":false,"mn":"ADBE Vector Graphic - Fill","nm":"ÃÂÃÂ°ÃÂ»ÃÂ¸ÃÂ²ÃÂºÃÂ° 1","c":{"a":0,"k":[0.1529,0.1529,0.1529],"ix":4},"r":1,"o":{"a":0,"k":100,"ix":5}},{"ty":"tr","a":{"a":0,"k":[0,0],"ix":1},"s":{"a":0,"k":[100,100],"ix":3},"sk":{"a":0,"k":0,"ix":4},"p":{"a":0,"k":[0,0],"ix":2},"r":{"a":0,"k":0,"ix":6},"sa":{"a":0,"k":0,"ix":5},"o":{"a":0,"k":100,"ix":7}}]}],"ind":1},{"ty":4,"nm":"Low","sr":1,"st":0,"op":180,"ip":0,"hd":false,"ddd":0,"bm":0,"hasMask":false,"ao":0,"ks":{"a":{"a":0,"k":[0.0029993057250976562,0],"ix":1},"s":{"a":0,"k":[100,100,100],"ix":6},"sk":{"a":0,"k":0},"p":{"a":0,"k":[78.1469993057251,84.1],"ix":2},"r":{"a":0,"k":0,"ix":10},"sa":{"a":0,"k":0},"o":{"a":0,"k":100,"ix":11}},"shapes":[{"ty":"gr","bm":0,"hd":false,"mn":"ADBE Vector Group","nm":"Ellipse 14","ix":1,"cix":2,"np":2,"it":[{"ty":"sh","bm":0,"hd":false,"mn":"ADBE Vector Shape - Group","nm":"ÃÂÃÂ¾ÃÂ½ÃÂÃÂÃÂ 1","ix":1,"d":1,"ks":{"a":0,"k":{"c":true,"i":[[0.803,-16.04],[-3.024,0],[-0.168,3.019],[-6.721,12.635],[-13.383,9.021],[0,0],[8.422,-15.832]],"o":[[-0.151,3.02],[3.024,0],[0.792,-14.246],[7.579,-14.249],[0,0],[-14.87,10.023],[-7.563,14.219]],"v":[[-27.138,39.927],[-21.799,45.4],[-16.172,39.928],[-4.781,-0.881],[27.144,-36.32],[21.024,-45.4],[-14.449,-6.023]]},"ix":2}},{"ty":"fl","bm":0,"hd":false,"mn":"ADBE Vector Graphic - Fill","nm":"ÃÂÃÂ°ÃÂ»ÃÂ¸ÃÂ²ÃÂºÃÂ° 1","c":{"a":1,"k":[{"o":{"x":0.167,"y":0.167},"i":{"x":0.833,"y":0.833},"s":[1,0.5843,0],"t":88},{"s":[1,0.5843,0],"t":135}],"ix":4},"r":1,"o":{"a":0,"k":100,"ix":5}},{"ty":"tr","a":{"a":0,"k":[0.0029993057250976562,0],"ix":1},"s":{"a":0,"k":[100,100],"ix":3},"sk":{"a":0,"k":0,"ix":4},"p":{"a":0,"k":[0.0029993057250976562,0],"ix":2},"r":{"a":0,"k":0,"ix":6},"sa":{"a":0,"k":0,"ix":5},"o":{"a":0,"k":100,"ix":7}}]}],"ind":2},{"ty":4,"nm":"Medium","sr":1,"st":0,"op":180,"ip":0,"hd":false,"ddd":0,"bm":0,"hasMask":false,"ao":0,"ks":{"a":{"a":0,"k":[0,0],"ix":1},"s":{"a":0,"k":[100,100,100],"ix":6},"sk":{"a":0,"k":0},"p":{"a":0,"k":[160.297,32.669],"ix":2},"r":{"a":0,"k":0,"ix":10},"sa":{"a":0,"k":0},"o":{"a":0,"k":100,"ix":11}},"shapes":[{"ty":"gr","bm":0,"hd":false,"mn":"ADBE Vector Group","nm":"Ellipse 20","ix":1,"cix":2,"np":2,"it":[{"ty":"sh","bm":0,"hd":false,"mn":"ADBE Vector Shape - Group","nm":"ÃÂÃÂ¾ÃÂ½ÃÂÃÂÃÂ 1","ix":1,"d":1,"ks":{"a":0,"k":{"c":true,"i":[[-20.068,0.016],[-17.154,-10.414],[0,0],[18.061,-0.014],[15.424,-9.397],[0,0]],"o":[[20.068,-0.016],[0,0],[-15.439,-9.373],[-18.061,0.014],[0,0],[17.138,-10.441]],"v":[[-0.012,-12.669],[56.896,3.229],[51.214,12.589],[-0.004,-1.719],[-51.199,12.669],[-56.896,3.317]]},"ix":2}},{"ty":"fl","bm":0,"hd":false,"mn":"ADBE Vector Graphic - Fill","nm":"ÃÂÃÂ°ÃÂ»ÃÂ¸ÃÂ²ÃÂºÃÂ° 1","c":{"a":1,"k":[{"o":{"x":0.167,"y":0.167},"i":{"x":0.833,"y":0.833},"s":[0.451,0.7804,0],"t":88},{"s":[0.451,0.7804,0],"t":135}],"ix":4},"r":1,"o":{"a":0,"k":100,"ix":5}},{"ty":"tr","a":{"a":0,"k":[0,0],"ix":1},"s":{"a":0,"k":[100,100],"ix":3},"sk":{"a":0,"k":0,"ix":4},"p":{"a":0,"k":[0,0],"ix":2},"r":{"a":0,"k":0,"ix":6},"sa":{"a":0,"k":0,"ix":5},"o":{"a":0,"k":100,"ix":7}}]}],"ind":3},{"ty":4,"nm":"High","sr":1,"st":0,"op":180,"ip":0,"hd":false,"ddd":0,"bm":0,"hasMask":false,"ao":0,"ks":{"a":{"a":0,"k":[-0.0029993057250976562,0],"ix":1},"s":{"a":0,"k":[100,100,100],"ix":6},"sk":{"a":0,"k":0},"p":{"a":0,"k":[242.5910006942749,84.1],"ix":2},"r":{"a":0,"k":0,"ix":10},"sa":{"a":0,"k":0},"o":{"a":0,"k":100,"ix":11}},"shapes":[{"ty":"gr","bm":0,"hd":false,"mn":"ADBE Vector Group","nm":"Ellipse 17","ix":1,"cix":2,"np":2,"it":[{"ty":"sh","bm":0,"hd":false,"mn":"ADBE Vector Shape - Group","nm":"ÃÂÃÂ¾ÃÂ½ÃÂÃÂÃÂ 1","ix":1,"d":1,"ks":{"a":0,"k":{"c":true,"i":[[-0.803,-16.04],[3.024,0],[0.168,3.019],[6.721,12.635],[13.383,9.021],[0,0],[-8.422,-15.832]],"o":[[0.151,3.02],[-3.024,0],[-0.792,-14.246],[-7.579,-14.249],[0,0],[14.87,10.023],[7.563,14.219]],"v":[[27.138,39.927],[21.799,45.4],[16.172,39.928],[4.781,-0.881],[-27.144,-36.32],[-21.024,-45.4],[14.449,-6.023]]},"ix":2}},{"ty":"fl","bm":0,"hd":false,"mn":"ADBE Vector Graphic - Fill","nm":"ÃÂÃÂ°ÃÂ»ÃÂ¸ÃÂ²ÃÂºÃÂ° 1","c":{"a":0,"k":[0.9412,0.1294,0.3725],"ix":4},"r":1,"o":{"a":0,"k":100,"ix":5}},{"ty":"tr","a":{"a":0,"k":[0,0],"ix":1},"s":{"a":0,"k":[100,100],"ix":3},"sk":{"a":0,"k":0,"ix":4},"p":{"a":0,"k":[0,0],"ix":2},"r":{"a":0,"k":0,"ix":6},"sa":{"a":0,"k":0,"ix":5},"o":{"a":0,"k":100,"ix":7}}]}],"ind":4}]},{"nm":"BMI","id":"precomp_newScene_f7e6a673-7483-4e14-832c-9ba6b45e37de_14ffc1aa-20c0-492b-8ba1-221ff6d6d128","layers":[]},{"nm":"B","id":"precomp_newScene_272994a4-bf72-4ac7-935a-f0f1080e2b1d_9e1a8b0b-ed5f-447c-b613-1b3b44e6b9c8","layers":[{"ty":4,"nm":"B","sr":1,"st":0,"op":180,"ip":0,"hd":false,"ddd":0,"bm":0,"hasMask":false,"ao":0,"ks":{"a":{"a":0,"k":[5.485000193119049,10.180000066757202]},"s":{"a":0,"k":[100,100]},"sk":{"a":0,"k":0},"p":{"a":0,"k":[4.177500218153,10.180000066757202]},"r":{"a":0,"k":0},"sa":{"a":0,"k":0},"o":{"a":0,"k":100}},"shapes":[{"ty":"gr","bm":0,"hd":false,"nm":"B","it":[{"ty":"sh","bm":0,"hd":false,"nm":"B","d":1,"ks":{"a":0,"k":{"c":true,"i":[[0,0],[0,0],[0,0],[0,0],[-0.5266666666666667,-0.27999999999999997],[-0.25333333333333385,-0.4599999999999997],[0,-0.5733333333333336],[0,0],[0.17999999999999972,-0.3200000000000003],[0.293333333333333,-0.19333333333333394],[0.33999999999999986,-0.09333333333333371],[0,0],[0,0],[-0.35999999999999943,-0.23333333333333428],[-0.23999999999999963,-0.4199999999999993],[0,-0.6133333333333333],[0,0],[0.2666666666666669,-0.4733333333333339],[0.5733333333333329,-0.27333333333333343],[0.9199999999999999,0],[0,0]],"o":[[0,0],[0,0],[0,0],[0.8133333333333331,0],[0.5333333333333332,0.27999999999999997],[0.2599999999999992,0.4666666666666668],[0,0],[0,0.4999999999999994],[-0.1733333333333332,0.3266666666666668],[-0.28666666666666707,0.19333333333333277],[0,0],[0,0],[0.36666666666666653,0.019999999999999574],[0.36666666666666714,0.22666666666666657],[0.2400000000000008,0.42000000000000054],[0,0],[0,0.5799999999999995],[-0.2666666666666669,0.4666666666666662],[-0.5733333333333336,0.27333333333333343],[0,0],[0,0]],"v":[[5.66,16],[1.41,16],[1.41,4.36],[5.53,4.36],[7.54,4.78],[8.72,5.89],[9.11,7.45],[9.11,7.45],[8.84,8.68],[8.14,9.46],[7.2,9.89],[7.2,9.89],[7.2,10],[8.29,10.38],[9.2,11.35],[9.56,12.9],[9.56,12.9],[9.16,14.48],[7.9,15.59],[5.66,16],[5.66,16]]}}},{"ty":"sh","bm":0,"hd":false,"nm":"B","d":1,"ks":{"a":0,"k":{"c":true,"i":[[0,0],[0,0],[0,0],[-0.3866666666666661,0.3533333333333329],[0,0.5066666666666665],[0,0],[0.19333333333333394,0.3333333333333333],[0.36000000000000004,0.19333333333333394],[0.5,0],[0,0],[0,0]],"o":[[0,0],[0,0],[0.9000000000000004,0],[0.3800000000000008,-0.3466666666666664],[0,0],[0,-0.3866666666666667],[-0.19999999999999987,-0.3266666666666668],[-0.36666666666666653,-0.1999999999999993],[0,0],[0,0],[0,0]],"v":[[2.89,10.72],[2.89,14.69],[5.63,14.69],[7.56,14.16],[8.13,12.88],[8.13,12.88],[7.84,11.8],[7,11.02],[5.7,10.72],[5.7,10.72],[2.89,10.72]]}}},{"ty":"sh","bm":0,"hd":false,"nm":"B","d":1,"ks":{"a":0,"k":{"c":true,"i":[[0,0],[0,0],[0,0],[-0.43333333333333357,0.36666666666666714],[0,0.6000000000000002],[0,0],[0.3533333333333335,0.3466666666666664],[0.7533333333333333,0],[0,0],[0,0]],"o":[[0,0],[0,0],[0.6266666666666664,0],[0.43333333333333357,-0.35999999999999943],[0,0],[0,-0.5066666666666672],[-0.3533333333333335,-0.3533333333333335],[0,0],[0,0],[0,0]],"v":[[2.89,5.67],[2.89,9.47],[5.45,9.47],[7.04,8.92],[7.69,7.48],[7.69,7.48],[7.16,6.2],[5.5,5.67],[5.5,5.67],[2.89,5.67]]}}},{"ty":"fl","bm":0,"hd":false,"nm":"Fill","c":{"a":0,"k":[1,0.5843,0]},"r":1,"o":{"a":0,"k":100}},{"ty":"tr","a":{"a":0,"k":[0,0]},"s":{"a":0,"k":[100,100]},"sk":{"a":0,"k":0},"p":{"a":0,"k":[0,0]},"r":{"a":0,"k":0},"sa":{"a":0,"k":0},"o":{"a":0,"k":100}}]}],"ind":1}]},{"nm":"M","id":"precomp_newScene_404e6ab9-6cdd-46c8-aac3-425bd0bac48a_48719da7-2a05-4299-8295-5d1fa0bb4975","layers":[{"ty":4,"nm":"M","sr":1,"st":0,"op":180,"ip":0,"hd":false,"ddd":0,"bm":0,"hasMask":false,"ao":0,"ks":{"a":{"a":0,"k":[7.230000078678131,10.180000066757202]},"s":{"a":0,"k":[100,100]},"sk":{"a":0,"k":0},"p":{"a":0,"k":[5.28,10.18]},"r":{"a":0,"k":0},"sa":{"a":0,"k":0},"o":{"a":0,"k":100}},"shapes":[{"ty":"gr","bm":0,"hd":false,"nm":"M","it":[{"ty":"sh","bm":0,"hd":false,"nm":"M","d":1,"ks":{"a":0,"k":{"c":true,"i":[[0,0],[0,0],[0,0],[0,0],[0,0],[-0.16000000000000014,-0.5],[-0.13999999999999999,-0.4733333333333327],[0,0],[-0.16000000000000014,0.5066666666666665],[-0.11333333333333329,0.29333333333333417],[0,0],[0,0],[0,0],[0,0],[0,0],[0,0],[-0.006666666666666525,0.6200000000000004],[-0.013333333333334233,0.5999999999999996],[0,0],[0.2133333333333335,-0.6266666666666664],[0.13333333333333286,-0.33999999999999986],[0,0],[0,0],[0,0],[0,0],[0.2066666666666667,0.6199999999999998],[0.22666666666666657,0.6800000000000003],[0,0],[-0.013333333333333345,-0.6266666666666669],[0,-0.4466666666666666],[0,0],[0,0]],"o":[[0,0],[0,0],[0,0],[0,0],[0.11333333333333329,0.2866666666666677],[0.16000000000000014,0.5066666666666665],[0,0],[0.13999999999999999,-0.4599999999999997],[0.15999999999999956,-0.5066666666666665],[0,0],[0,0],[0,0],[0,0],[0,0],[0,0],[0,-0.42666666666666586],[0.01333333333333305,-0.6200000000000004],[0,0],[-0.2133333333333335,0.6666666666666666],[-0.22000000000000006,0.6333333333333334],[0,0],[0,0],[0,0],[0,0],[-0.13333333333333316,-0.3266666666666668],[-0.2133333333333335,-0.6266666666666664],[0,0],[0.006666666666666525,0.5533333333333333],[0.013333333333333345,0.6266666666666664],[0,0],[0,0],[0,0]],"v":[[2.82,16],[1.41,16],[1.41,4.36],[3.52,4.36],[6.38,11.7],[6.79,12.88],[7.24,14.35],[7.24,14.35],[7.69,12.9],[8.1,11.7],[8.1,11.7],[10.93,4.36],[13.05,4.36],[13.05,16],[11.59,16],[11.59,9.35],[11.6,7.78],[11.64,5.95],[11.64,5.95],[11,7.89],[10.47,9.35],[10.47,9.35],[7.87,16],[6.58,16],[3.94,9.35],[3.43,7.93],[2.77,5.97],[2.77,5.97],[2.8,7.74],[2.82,9.35],[2.82,9.35],[2.82,16]]}}},{"ty":"fl","bm":0,"hd":false,"nm":"Fill","c":{"a":0,"k":[0.451,0.7804,0]},"r":1,"o":{"a":0,"k":100}},{"ty":"tr","a":{"a":0,"k":[0,0]},"s":{"a":0,"k":[100,100]},"sk":{"a":0,"k":0},"p":{"a":0,"k":[0,0]},"r":{"a":0,"k":0},"sa":{"a":0,"k":0},"o":{"a":0,"k":100}}]}],"ind":1}]},{"nm":"I","id":"precomp_newScene_7debd334-61b9-4e46-816c-a4f7f4e09e4c_34059abf-6252-40a4-bfd1-56a37865fde4","layers":[{"ty":4,"nm":"I","sr":1,"st":0,"op":180,"ip":0,"hd":false,"ddd":0,"bm":0,"hasMask":false,"ao":0,"ks":{"a":{"a":0,"k":[1.409999966621399,10.180000066757202]},"s":{"a":0,"k":[100,100]},"sk":{"a":0,"k":0},"p":{"a":0,"k":[2.1399999999999997,10.18]},"r":{"a":0,"k":0},"sa":{"a":0,"k":0},"o":{"a":0,"k":100}},"shapes":[{"ty":"gr","bm":0,"hd":false,"nm":"I","it":[{"ty":"sh","bm":0,"hd":false,"nm":"I","d":1,"ks":{"a":0,"k":{"c":true,"i":[[0,0],[0,0],[0,0],[0,0],[0,0]],"o":[[0,0],[0,0],[0,0],[0,0],[0,0]],"v":[[1.41,4.36],[2.89,4.36],[2.89,16],[1.41,16],[1.41,4.36]]}}},{"ty":"fl","bm":0,"hd":false,"nm":"Fill","c":{"a":0,"k":[0.9412,0.1294,0.3725]},"r":1,"o":{"a":0,"k":100}},{"ty":"tr","a":{"a":0,"k":[0,0]},"s":{"a":0,"k":[100,100]},"sk":{"a":0,"k":0},"p":{"a":0,"k":[0,0]},"r":{"a":0,"k":0},"sa":{"a":0,"k":0},"o":{"a":0,"k":100}}]}],"ind":1}]},{"nm":"Untitled file","id":"precomp_Untitled file_dc65d07a-1542-4535-8fd8-c93bfbad7fcf","layers":[{"ty":0,"nm":"Meter - cycled animation","sr":1,"st":0,"op":180,"ip":0,"hd":false,"ddd":0,"bm":0,"hasMask":false,"ao":0,"ks":{"a":{"a":0,"k":[160.369,88.22777396481153]},"s":{"a":0,"k":[123.37686940885834,133.24483639348804]},"sk":{"a":0,"k":0},"p":{"a":0,"k":[250,256.2400322730926]},"r":{"a":0,"k":0},"sa":{"a":0,"k":0},"o":{"a":0,"k":100}},"w":320,"h":150,"refId":"precomp_kyt_spinner_97ef18f1-4157-4c08-9c82-675b52dda4eb_b51e5d5c-0b2c-414d-9272-7f4154035934","ind":1},{"ty":0,"nm":"BMI","sr":1,"st":0,"op":180,"ip":0,"hd":false,"ddd":0,"bm":0,"hasMask":false,"ao":0,"ks":{"a":{"a":0,"k":[15.079999566078186,10.459999799728394]},"s":{"a":0,"k":[278.4301074731426,311.91228502246673]},"sk":{"a":0,"k":0},"p":{"a":0,"k":[250,250]},"r":{"a":0,"k":0},"sa":{"a":0,"k":0},"o":{"a":0,"k":100}},"w":29,"h":16,"refId":"precomp_newScene_f7e6a673-7483-4e14-832c-9ba6b45e37de_14ffc1aa-20c0-492b-8ba1-221ff6d6d128","ind":2},{"ty":0,"nm":"B","sr":1,"st":0,"op":180,"ip":0,"hd":false,"ddd":0,"bm":0,"hasMask":false,"ao":0,"ks":{"a":{"a":0,"k":[5.485000193119049,10.180000066757202]},"s":{"a":0,"k":[318.04878879276373,295.93840950411004]},"sk":{"a":0,"k":0},"p":{"a":1,"k":[{"o":{"x":0.167,"y":0.167},"i":{"x":0.833,"y":0.833},"s":[213.9322,294.7803],"t":0},{"o":{"x":0.34,"y":1.56},"i":{"x":0.64,"y":1},"s":[293.93219999999997,294.7803],"t":30},{"o":{"x":0.34,"y":1.56},"i":{"x":0.64,"y":1},"s":[213.9322,294.7803],"t":45},{"o":{"x":0.34,"y":1.56},"i":{"x":0.64,"y":1},"s":[293.93219999999997,294.7803],"t":75},{"o":{"x":0.34,"y":1.56},"i":{"x":0.64,"y":1},"s":[210.53424958106444,294.7803],"t":87},{"o":{"x":0.34,"y":1.56},"i":{"x":0.64,"y":1},"s":[213.9322,294.7803],"t":90},{"o":{"x":0.34,"y":1.56},"i":{"x":0.64,"y":1},"s":[290.53424958106444,294.7803],"t":117},{"o":{"x":0.34,"y":1.56},"i":{"x":0.64,"y":1},"s":[210.53424958106444,294.7803],"t":132},{"o":{"x":0.34,"y":1.56},"i":{"x":0.64,"y":1},"s":[290.53424958106444,294.7803],"t":162},{"s":[210.53424958106444,294.7803],"t":177}]},"r":{"a":0,"k":0},"sa":{"a":0,"k":0},"o":{"a":0,"k":100}},"w":10,"h":16,"refId":"precomp_newScene_272994a4-bf72-4ac7-935a-f0f1080e2b1d_9e1a8b0b-ed5f-447c-b613-1b3b44e6b9c8","ind":3},{"ty":0,"nm":"M","sr":1,"st":0,"op":180,"ip":0,"hd":false,"ddd":0,"bm":0,"hasMask":false,"ao":0,"ks":{"a":{"a":0,"k":[7.230000078678131,10.180000066757202]},"s":{"a":0,"k":[217.65696077327954,298.82836537840586]},"sk":{"a":0,"k":0},"p":{"a":1,"k":[{"o":{"x":0.34,"y":1.56},"i":{"x":0.64,"y":1},"s":[254.2301,295.963],"t":32},{"o":{"x":0.34,"y":1.56},"i":{"x":0.64,"y":1},"s":[254.2301,215.96300000000002],"t":62},{"o":{"x":0.34,"y":1.56},"i":{"x":0.64,"y":1},"s":[254.2301,295.963],"t":77},{"o":{"x":0.167,"y":0.167},"i":{"x":0.833,"y":0.833},"s":[254.2301,-217.65696077327954],"t":116},{"o":{"x":0.167,"y":0.167},"i":{"x":0.833,"y":0.833},"s":[254.2301,717.6569607732795],"t":146},{"s":[254.2301,295.963],"t":176}]},"r":{"a":1,"k":[{"o":{"x":0.167,"y":0.167},"i":{"x":0.833,"y":0.833},"s":[0],"t":78},{"s":[360],"t":108}]},"sa":{"a":0,"k":0},"o":{"a":1,"k":[{"o":{"x":0.167,"y":0.167},"i":{"x":0.833,"y":0.833},"s":[0],"t":0},{"s":[100],"t":30}]}},"w":14,"h":16,"refId":"precomp_newScene_404e6ab9-6cdd-46c8-aac3-425bd0bac48a_48719da7-2a05-4299-8295-5d1fa0bb4975","ind":4},{"ty":0,"nm":"I","sr":1,"st":0,"op":180,"ip":0,"hd":false,"ddd":0,"bm":0,"hasMask":false,"ao":0,"ks":{"a":{"a":0,"k":[1.409999966621399,10.180000066757202]},"s":{"a":0,"k":[294.80978574692506,275.41729276374866]},"sk":{"a":0,"k":0},"p":{"a":1,"k":[{"o":{"x":0.167,"y":0.167},"i":{"x":0.833,"y":0.833},"s":[272.7014,295.876],"t":0},{"o":{"x":0.34,"y":1.56},"i":{"x":0.64,"y":1},"s":[192.70139999999998,295.876],"t":30},{"o":{"x":0.34,"y":1.56},"i":{"x":0.64,"y":1},"s":[272.7014,295.876],"t":45},{"o":{"x":0.34,"y":1.56},"i":{"x":0.64,"y":1},"s":[192.70139999999998,295.876],"t":75},{"o":{"x":0.34,"y":1.56},"i":{"x":0.64,"y":1},"s":[276.09935041893556,295.876],"t":87},{"o":{"x":0.34,"y":1.56},"i":{"x":0.64,"y":1},"s":[272.7014,295.876],"t":90},{"o":{"x":0.34,"y":1.56},"i":{"x":0.64,"y":1},"s":[196.09935041893556,295.876],"t":117},{"o":{"x":0.34,"y":1.56},"i":{"x":0.64,"y":1},"s":[276.09935041893556,295.876],"t":132},{"o":{"x":0.34,"y":1.56},"i":{"x":0.64,"y":1},"s":[196.09935041893556,295.876],"t":162},{"s":[276.09935041893556,295.876],"t":177}]},"r":{"a":0,"k":0},"sa":{"a":0,"k":0},"o":{"a":0,"k":100}},"w":3,"h":16,"refId":"precomp_newScene_7debd334-61b9-4e46-816c-a4f7f4e09e4c_34059abf-6252-40a4-bfd1-56a37865fde4","ind":5}]}]}