{"v":"5.7.12","fr":29.9700012207031,"ip":0,"op":93.0000037879676,"w":400,"h":400,"nm":"Comp 1","ddd":0,"assets":[],"fonts":{"list":[{"fName":"Cabin-Regular","fFamily":"Cabin","fStyle":"Regular","ascent":75.75}]},"layers":[{"ddd":0,"ind":1,"ty":4,"nm":"Shape Layer 1","sr":1,"ks":{"o":{"a":0,"k":100,"ix":11},"r":{"a":0,"k":0,"ix":10},"p":{"a":0,"k":[200,200,0],"ix":2,"l":2},"a":{"a":0,"k":[3.003,7.808,0],"ix":1,"l":2},"s":{"a":0,"k":[81.866,81.866,100],"ix":6,"l":2}},"ao":0,"shapes":[{"ty":"gr","it":[{"d":1,"ty":"el","s":{"a":0,"k":[269.069,269.069],"ix":2},"p":{"a":0,"k":[0,0],"ix":3},"nm":"Ellipse Path 1","mn":"ADBE Vector Shape - Ellipse","hd":false},{"ty":"st","c":{"a":0,"k":[0.972549019608,0.694357359643,0.026697422476,1],"ix":3},"o":{"a":0,"k":100,"ix":4},"w":{"a":0,"k":16,"ix":5},"lc":1,"lj":1,"ml":4,"bm":0,"nm":"Stroke 1","mn":"ADBE Vector Graphic - Stroke","hd":false},{"ty":"tr","p":{"a":0,"k":[3.003,7.808],"ix":2},"a":{"a":0,"k":[0,0],"ix":1},"s":{"a":0,"k":[100,100],"ix":3},"r":{"a":0,"k":0,"ix":6},"o":{"a":0,"k":100,"ix":7},"sk":{"a":0,"k":0,"ix":4},"sa":{"a":0,"k":0,"ix":5},"nm":"Transform"}],"nm":"Ellipse 1","np":3,"cix":2,"bm":0,"ix":1,"mn":"ADBE Vector Group","hd":false}],"ip":0,"op":120.0000048877,"st":0,"bm":0},{"ddd":0,"ind":2,"ty":4,"nm":"Web 1920 Ã¢ÂÂ 2 Outlines","sr":1,"ks":{"o":{"a":0,"k":100,"ix":11},"r":{"a":1,"k":[{"i":{"x":[0.81],"y":[0.849]},"o":{"x":[0.292],"y":[0.03]},"t":0,"s":[-130]},{"i":{"x":[0.9],"y":[0.014]},"o":{"x":[0.417],"y":[0.451]},"t":30,"s":[0]},{"i":{"x":[0.726],"y":[0.984]},"o":{"x":[0.052],"y":[-0.322]},"t":51,"s":[67]},{"t":90.0000036657751,"s":[-130]}],"ix":10},"p":{"a":0,"k":[200,200,0],"ix":2,"l":2},"a":{"a":0,"k":[200,200,0],"ix":1,"l":2},"s":{"a":0,"k":[100,100,100],"ix":6,"l":2}},"ao":0,"shapes":[{"ty":"gr","it":[{"ind":0,"ty":"sh","ix":1,"ks":{"a":0,"k":{"i":[[0,12.426],[-7.239,3.74],[0,0],[-0.4,-2.188],[0,0],[0,-8.709],[12.426,0]],"o":[[0,-8.709],[0,0],[0.4,-2.188],[0,0],[7.238,3.74],[0,12.426],[-12.426,0]],"v":[[-22.5,22.705],[-10.313,2.702],[-1.967,-43.017],[1.967,-43.017],[10.313,2.702],[22.5,22.705],[0,45.205]],"c":true},"ix":2},"nm":"Path 1","mn":"ADBE Vector Shape - Group","hd":false},{"ty":"fl","c":{"a":0,"k":[0.88239997415,0.270599993537,0.270599993537,1],"ix":4},"o":{"a":0,"k":100,"ix":5},"r":1,"bm":0,"nm":"Fill 1","mn":"ADBE Vector Graphic - Fill","hd":false},{"ty":"tr","p":{"a":0,"k":[200.5,177.795],"ix":2},"a":{"a":0,"k":[0,0],"ix":1},"s":{"a":0,"k":[100,100],"ix":3},"r":{"a":0,"k":0,"ix":6},"o":{"a":0,"k":100,"ix":7},"sk":{"a":0,"k":0,"ix":4},"sa":{"a":0,"k":0,"ix":5},"nm":"Transform"}],"nm":"Group 1","np":2,"cix":2,"bm":0,"ix":1,"mn":"ADBE Vector Group","hd":false},{"ty":"gr","it":[{"ty":"fl","c":{"a":0,"k":[1,1,1,1],"ix":4},"o":{"a":0,"k":100,"ix":5},"r":1,"bm":0,"nm":"Fill 1","mn":"ADBE Vector Graphic - Fill","hd":false},{"ty":"tr","p":{"a":0,"k":[200,200],"ix":2},"a":{"a":0,"k":[0,0],"ix":1},"s":{"a":0,"k":[100,100],"ix":3},"r":{"a":0,"k":0,"ix":6},"o":{"a":0,"k":100,"ix":7},"sk":{"a":0,"k":0,"ix":4},"sa":{"a":0,"k":0,"ix":5},"nm":"Transform"}],"nm":"Group 2","np":1,"cix":2,"bm":0,"ix":2,"mn":"ADBE Vector Group","hd":false}],"ip":0,"op":120.0000048877,"st":0,"bm":0},{"ddd":0,"ind":3,"ty":4,"nm":"Web 1920 Ã¢ÂÂ 3 Outlines","sr":1,"ks":{"o":{"a":0,"k":100,"ix":11},"r":{"a":0,"k":0,"ix":10},"p":{"a":0,"k":[200,200,0],"ix":2,"l":2},"a":{"a":0,"k":[200,200,0],"ix":1,"l":2},"s":{"a":0,"k":[100,100,100],"ix":6,"l":2}},"ao":0,"shapes":[{"ty":"gr","it":[{"ind":0,"ty":"sh","ix":1,"ks":{"a":0,"k":{"i":[[0,0],[0.45,0.606],[0.175,0.237],[0,0],[-0.306,-0.412],[-0.223,-0.308]],"o":[[-0.176,-0.243],[-0.32,-0.432],[0,0],[0.163,0.22],[0.498,0.67],[0,0]],"v":[[-74.462,75.881],[-75.401,74.609],[-76.143,73.606],[-60.047,61.736],[-59.344,62.684],[-58.263,64.151]],"c":true},"ix":2},"nm":"Path 1","mn":"ADBE Vector Shape - Group","hd":false},{"ind":1,"ty":"sh","ix":2,"ks":{"a":0,"k":{"i":[[0,0],[-0.51,0.993],[0,0],[0.382,-0.809]],"o":[[0.477,-1.01],[0,0],[-0.409,0.796],[0,0]],"v":[[-85.272,-22.864],[-83.791,-25.869],[-66.001,-16.73],[-67.188,-14.322]],"c":true},"ix":2},"nm":"Path 2","mn":"ADBE Vector Shape - Group","hd":false},{"ind":2,"ty":"sh","ix":3,"ks":{"a":0,"k":{"i":[[0,0],[0,0],[0,0],[0,0],[0,0],[0,0]],"o":[[0,0],[0,0],[0,0],[0,0],[0,0],[0,0]],"v":[[-1.336,-76.748],[0.585,-76.765],[1.903,-76.759],[1.786,-56.759],[0.77,-56.766],[-1.151,-56.749]],"c":true},"ix":2},"nm":"Path 3","mn":"ADBE Vector Shape - Group","hd":false},{"ind":3,"ty":"sh","ix":4,"ks":{"a":0,"k":{"i":[[0,0],[-0.465,-1.013],[0,0],[0.401,0.805]],"o":[[0.496,0.996],[0,0],[-0.376,-0.82],[0,0]],"v":[[83.83,-25.123],[85.272,-22.11],[67.095,-13.766],[65.929,-16.203]],"c":true},"ix":2},"nm":"Path 4","mn":"ADBE Vector Shape - Group","hd":false},{"ind":4,"ty":"sh","ix":5,"ks":{"a":0,"k":{"i":[[0,0],[0.677,-0.86],[0,0],[-0.488,0.658]],"o":[[-0.601,0.81],[0,0],[0.56,-0.712],[0,0]],"v":[[75.514,74.26],[73.598,76.765],[57.879,64.4],[59.451,62.346]],"c":true},"ix":2},"nm":"Path 5","mn":"ADBE Vector Shape - Group","hd":false},{"ty":"mm","mm":1,"nm":"Merge Paths 1","mn":"ADBE Vector Filter - Merge","hd":false},{"ty":"fl","c":{"a":0,"k":[0.228835057277,0.229594944973,0.235294117647,1],"ix":4},"o":{"a":0,"k":100,"ix":5},"r":1,"bm":0,"nm":"Fill 1","mn":"ADBE Vector Graphic - Fill","hd":false},{"ty":"tr","p":{"a":0,"k":[199.935,182.711],"ix":2},"a":{"a":0,"k":[0,0],"ix":1},"s":{"a":0,"k":[100,100],"ix":3},"r":{"a":0,"k":0,"ix":6},"o":{"a":0,"k":100,"ix":7},"sk":{"a":0,"k":0,"ix":4},"sa":{"a":0,"k":0,"ix":5},"nm":"Transform"}],"nm":"Group 1","np":7,"cix":2,"bm":0,"ix":1,"mn":"ADBE Vector Group","hd":false},{"ty":"gr","it":[{"ind":0,"ty":"sh","ix":1,"ks":{"a":0,"k":{"i":[[0,0],[0,0],[0,0],[0,0]],"o":[[0,0],[0,0],[0,0],[0,0]],"v":[[-75.125,77.331],[-75.639,76.628],[-67.572,70.719],[-67.057,71.422]],"c":true},"ix":2},"nm":"Path 1","mn":"ADBE Vector Shape - Group","hd":false},{"ind":1,"ty":"sh","ix":2,"ks":{"a":0,"k":{"i":[[0,0],[0,0],[0,0],[0,0]],"o":[[0,0],[0,0],[0,0],[0,0]],"v":[[-77.503,74.106],[-78.038,73.368],[-69.941,67.499],[-69.407,68.236]],"c":true},"ix":2},"nm":"Path 2","mn":"ADBE Vector Shape - Group","hd":false},{"ind":2,"ty":"sh","ix":3,"ks":{"a":0,"k":{"i":[[0,0],[0,0],[0,0],[0,0]],"o":[[0,0],[0,0],[0,0],[0,0]],"v":[[-79.873,70.742],[-80.479,69.836],[-72.166,64.278],[-71.56,65.184]],"c":true},"ix":2},"nm":"Path 3","mn":"ADBE Vector Shape - Group","hd":false},{"ind":3,"ty":"sh","ix":4,"ks":{"a":0,"k":{"i":[[0,0],[0,0],[0,0],[0,0]],"o":[[0,0],[0,0],[0,0],[0,0]],"v":[[-82.137,67.234],[-82.661,66.368],[-74.108,61.188],[-73.584,62.053]],"c":true},"ix":2},"nm":"Path 4","mn":"ADBE Vector Shape - Group","hd":false},{"ind":4,"ty":"sh","ix":5,"ks":{"a":0,"k":{"i":[[0,0],[0,0],[0,0],[0,0]],"o":[[0,0],[0,0],[0,0],[0,0]],"v":[[-84.314,63.48],[-84.766,62.644],[-75.968,57.891],[-75.516,58.727]],"c":true},"ix":2},"nm":"Path 5","mn":"ADBE Vector Shape - Group","hd":false},{"ind":5,"ty":"sh","ix":6,"ks":{"a":0,"k":{"i":[[0,0],[0,0],[0,0],[0,0]],"o":[[0,0],[0,0],[0,0],[0,0]],"v":[[-86.227,59.776],[-86.672,58.846],[-77.652,54.529],[-77.207,55.459]],"c":true},"ix":2},"nm":"Path 6","mn":"ADBE Vector Shape - Group","hd":false},{"ind":6,"ty":"sh","ix":7,"ks":{"a":0,"k":{"i":[[0,0],[0,0],[0,0],[0,0]],"o":[[0,0],[0,0],[0,0],[0,0]],"v":[[-88.01,55.863],[-88.382,54.974],[-79.16,51.108],[-78.787,51.997]],"c":true},"ix":2},"nm":"Path 7","mn":"ADBE Vector Shape - Group","hd":false},{"ind":7,"ty":"sh","ix":8,"ks":{"a":0,"k":{"i":[[0,0],[0,0],[0,0],[0,0]],"o":[[0,0],[0,0],[0,0],[0,0]],"v":[[-89.556,51.973],[-89.906,51.009],[-80.508,47.593],[-80.158,48.556]],"c":true},"ix":2},"nm":"Path 8","mn":"ADBE Vector Shape - Group","hd":false},{"ind":8,"ty":"sh","ix":9,"ks":{"a":0,"k":{"i":[[0,0],[0,0],[0,0],[0,0]],"o":[[0,0],[0,0],[0,0],[0,0]],"v":[[-90.958,47.881],[-91.241,46.968],[-81.689,44.007],[-81.406,44.921]],"c":true},"ix":2},"nm":"Path 9","mn":"ADBE Vector Shape - Group","hd":false},{"ind":9,"ty":"sh","ix":10,"ks":{"a":0,"k":{"i":[[0,0],[0,0],[0,0],[0,0]],"o":[[0,0],[0,0],[0,0],[0,0]],"v":[[-92.111,43.919],[-92.365,42.944],[-82.689,40.42],[-82.435,41.394]],"c":true},"ix":2},"nm":"Path 10","mn":"ADBE Vector Shape - Group","hd":false},{"ind":10,"ty":"sh","ix":11,"ks":{"a":0,"k":{"i":[[0,0],[0,0],[0,0],[0,0]],"o":[[0,0],[0,0],[0,0],[0,0]],"v":[[-93.13,39.705],[-93.345,38.693],[-83.563,36.617],[-83.348,37.629]],"c":true},"ix":2},"nm":"Path 11","mn":"ADBE Vector Shape - Group","hd":false},{"ind":11,"ty":"sh","ix":12,"ks":{"a":0,"k":{"i":[[0,0],[0,0],[0,0],[0,0]],"o":[[0,0],[0,0],[0,0],[0,0]],"v":[[-93.921,35.661],[-94.085,34.694],[-84.224,33.03],[-84.061,33.997]],"c":true},"ix":2},"nm":"Path 12","mn":"ADBE Vector Shape - Group","hd":false},{"ind":12,"ty":"sh","ix":13,"ks":{"a":0,"k":{"i":[[0,0],[0,0],[0,0],[0,0]],"o":[[0,0],[0,0],[0,0],[0,0]],"v":[[-94.554,31.513],[-94.682,30.495],[-84.761,29.242],[-84.632,30.26]],"c":true},"ix":2},"nm":"Path 13","mn":"ADBE Vector Shape - Group","hd":false},{"ind":13,"ty":"sh","ix":14,"ks":{"a":0,"k":{"i":[[0,0],[0,0],[0,0],[0,0]],"o":[[0,0],[0,0],[0,0],[0,0]],"v":[[-95.029,27.202],[-95.11,26.258],[-85.146,25.408],[-85.065,26.353]],"c":true},"ix":2},"nm":"Path 14","mn":"ADBE Vector Shape - Group","hd":false},{"ind":14,"ty":"sh","ix":15,"ks":{"a":0,"k":{"i":[[0,0],[0,0],[0,0],[0,0]],"o":[[0,0],[0,0],[0,0],[0,0]],"v":[[-95.315,23.181],[-95.363,22.195],[-85.374,21.712],[-85.327,22.697]],"c":true},"ix":2},"nm":"Path 15","mn":"ADBE Vector Shape - Group","hd":false},{"ind":15,"ty":"sh","ix":16,"ks":{"a":0,"k":{"i":[[0,0],[0,0],[0,0],[0,0]],"o":[[0,0],[0,0],[0,0],[0,0]],"v":[[-95.459,18.996],[-95.471,17.97],[-85.472,17.85],[-85.46,18.876]],"c":true},"ix":2},"nm":"Path 16","mn":"ADBE Vector Shape - Group","hd":false},{"ind":16,"ty":"sh","ix":17,"ks":{"a":0,"k":{"i":[[0,0],[0,0],[0,0],[0,0],[0,0],[0,0],[0,0],[0,0]],"o":[[0,0],[0,0],[0,0],[0,0],[0,0],[0,0],[0,0],[0,0]],"v":[[-95.451,14.669],[-95.451,14.653],[-95.451,14.629],[-95.425,13.683],[-85.429,13.949],[-85.454,14.871],[-85.453,14.849],[-85.453,14.865]],"c":true},"ix":2},"nm":"Path 17","mn":"ADBE Vector Shape - Group","hd":false},{"ind":17,"ty":"sh","ix":18,"ks":{"a":0,"k":{"i":[[0,0],[0,0],[0,0],[0,0]],"o":[[0,0],[0,0],[0,0],[0,0]],"v":[[-95.255,10.519],[-95.176,9.539],[-85.208,10.343],[-85.287,11.323]],"c":true},"ix":2},"nm":"Path 18","mn":"ADBE Vector Shape - Group","hd":false},{"ind":18,"ty":"sh","ix":19,"ks":{"a":0,"k":{"i":[[0,0],[0,0],[0,0],[0,0]],"o":[[0,0],[0,0],[0,0],[0,0]],"v":[[-94.83,6.304],[-94.697,5.298],[-84.784,6.614],[-84.917,7.62]],"c":true},"ix":2},"nm":"Path 19","mn":"ADBE Vector Shape - Group","hd":false},{"ind":19,"ty":"sh","ix":20,"ks":{"a":0,"k":{"i":[[0,0],[0,0],[0,0],[0,0]],"o":[[0,0],[0,0],[0,0],[0,0]],"v":[[-94.175,2.004],[-93.987,0.978],[-84.151,2.783],[-84.34,3.81]],"c":true},"ix":2},"nm":"Path 20","mn":"ADBE Vector Shape - Group","hd":false},{"ind":20,"ty":"sh","ix":21,"ks":{"a":0,"k":{"i":[[0,0],[0,0],[0,0],[0,0]],"o":[[0,0],[0,0],[0,0],[0,0]],"v":[[-93.336,-2.158],[-93.116,-3.11],[-83.373,-0.859],[-83.592,0.093]],"c":true},"ix":2},"nm":"Path 21","mn":"ADBE Vector Shape - Group","hd":false},{"ind":21,"ty":"sh","ix":22,"ks":{"a":0,"k":{"i":[[0,0],[0,0],[0,0],[0,0]],"o":[[0,0],[0,0],[0,0],[0,0]],"v":[[-92.333,-6.19],[-92.067,-7.151],[-82.43,-4.48],[-82.697,-3.518]],"c":true},"ix":2},"nm":"Path 22","mn":"ADBE Vector Shape - Group","hd":false},{"ind":22,"ty":"sh","ix":23,"ks":{"a":0,"k":{"i":[[0,0],[0,0],[0,0],[0,0]],"o":[[0,0],[0,0],[0,0],[0,0]],"v":[[-91.135,-10.25],[-90.822,-11.217],[-81.309,-8.134],[-81.622,-7.167]],"c":true},"ix":2},"nm":"Path 23","mn":"ADBE Vector Shape - Group","hd":false},{"ind":23,"ty":"sh","ix":24,"ks":{"a":0,"k":{"i":[[0,0],[0,0],[0,0],[0,0]],"o":[[0,0],[0,0],[0,0],[0,0]],"v":[[-89.741,-14.325],[-89.38,-15.294],[-80.008,-11.806],[-80.369,-10.837]],"c":true},"ix":2},"nm":"Path 24","mn":"ADBE Vector Shape - Group","hd":false},{"ind":24,"ty":"sh","ix":25,"ks":{"a":0,"k":{"i":[[0,0],[0,0],[0,0],[0,0]],"o":[[0,0],[0,0],[0,0],[0,0]],"v":[[-88.222,-18.219],[-87.84,-19.129],[-78.619,-15.261],[-79,-14.351]],"c":true},"ix":2},"nm":"Path 25","mn":"ADBE Vector Shape - Group","hd":false},{"ind":25,"ty":"sh","ix":26,"ks":{"a":0,"k":{"i":[[0,0],[0,0],[0,0],[0,0]],"o":[[0,0],[0,0],[0,0],[0,0]],"v":[[-86.549,-22.04],[-86.125,-22.945],[-77.069,-18.704],[-77.493,-17.798]],"c":true},"ix":2},"nm":"Path 26","mn":"ADBE Vector Shape - Group","hd":false},{"ind":26,"ty":"sh","ix":27,"ks":{"a":0,"k":{"i":[[0,0],[0,0],[0,0],[0,0]],"o":[[0,0],[0,0],[0,0],[0,0]],"v":[[-84.697,-25.837],[-84.231,-26.735],[-75.358,-22.123],[-75.825,-21.225]],"c":true},"ix":2},"nm":"Path 27","mn":"ADBE Vector Shape - Group","hd":false},{"ind":27,"ty":"sh","ix":28,"ks":{"a":0,"k":{"i":[[0,0],[0,0],[0,0],[0,0]],"o":[[0,0],[0,0],[0,0],[0,0]],"v":[[-82.665,-29.599],[-82.155,-30.486],[-73.484,-25.504],[-73.994,-24.617]],"c":true},"ix":2},"nm":"Path 28","mn":"ADBE Vector Shape - Group","hd":false},{"ind":28,"ty":"sh","ix":29,"ks":{"a":0,"k":{"i":[[0,0],[0,0],[0,0],[0,0]],"o":[[0,0],[0,0],[0,0],[0,0]],"v":[[-80.519,-33.201],[-79.991,-34.038],[-71.534,-28.701],[-72.062,-27.864]],"c":true},"ix":2},"nm":"Path 29","mn":"ADBE Vector Shape - Group","hd":false},{"ind":29,"ty":"sh","ix":30,"ks":{"a":0,"k":{"i":[[0,0],[0,0],[0,0],[0,0]],"o":[[0,0],[0,0],[0,0],[0,0]],"v":[[-78.231,-36.702],[-77.663,-37.523],[-69.438,-31.837],[-70.006,-31.015]],"c":true},"ix":2},"nm":"Path 30","mn":"ADBE Vector Shape - Group","hd":false},{"ind":30,"ty":"sh","ix":31,"ks":{"a":0,"k":{"i":[[0,0],[0,0],[0,0],[0,0]],"o":[[0,0],[0,0],[0,0],[0,0]],"v":[[-75.773,-40.137],[-75.164,-40.94],[-67.191,-34.906],[-67.799,-34.102]],"c":true},"ix":2},"nm":"Path 31","mn":"ADBE Vector Shape - Group","hd":false},{"ind":31,"ty":"sh","ix":32,"ks":{"a":0,"k":{"i":[[0,0],[0,0],[0,0],[0,0]],"o":[[0,0],[0,0],[0,0],[0,0]],"v":[[-73.142,-43.494],[-72.493,-44.277],[-64.793,-37.897],[-65.442,-37.114]],"c":true},"ix":2},"nm":"Path 32","mn":"ADBE Vector Shape - Group","hd":false},{"ind":32,"ty":"sh","ix":33,"ks":{"a":0,"k":{"i":[[0,0],[0,0],[0,0],[0,0]],"o":[[0,0],[0,0],[0,0],[0,0]],"v":[[-70.391,-46.703],[-69.729,-47.435],[-62.317,-40.721],[-62.98,-39.99]],"c":true},"ix":2},"nm":"Path 33","mn":"ADBE Vector Shape - Group","hd":false},{"ind":33,"ty":"sh","ix":34,"ks":{"a":0,"k":{"i":[[0,0],[0,0],[0,0],[0,0]],"o":[[0,0],[0,0],[0,0],[0,0]],"v":[[-67.53,-49.756],[-66.829,-50.464],[-59.724,-43.428],[-60.425,-42.72]],"c":true},"ix":2},"nm":"Path 34","mn":"ADBE Vector Shape - Group","hd":false},{"ind":34,"ty":"sh","ix":35,"ks":{"a":0,"k":{"i":[[0,0],[0,0],[0,0],[0,0]],"o":[[0,0],[0,0],[0,0],[0,0]],"v":[[-64.505,-52.707],[-63.766,-53.388],[-56.989,-46.035],[-57.728,-45.354]],"c":true},"ix":2},"nm":"Path 35","mn":"ADBE Vector Shape - Group","hd":false},{"ind":35,"ty":"sh","ix":36,"ks":{"a":0,"k":{"i":[[0,0],[0,0],[0,0],[0,0]],"o":[[0,0],[0,0],[0,0],[0,0]],"v":[[-61.316,-55.543],[-60.539,-56.196],[-54.111,-48.534],[-54.889,-47.882]],"c":true},"ix":2},"nm":"Path 36","mn":"ADBE Vector Shape - Group","hd":false},{"ind":36,"ty":"sh","ix":37,"ks":{"a":0,"k":{"i":[[0,0],[0,0],[0,0],[0,0]],"o":[[0,0],[0,0],[0,0],[0,0]],"v":[[-57.976,-58.244],[-57.188,-58.844],[-51.13,-50.888],[-51.918,-50.288]],"c":true},"ix":2},"nm":"Path 37","mn":"ADBE Vector Shape - Group","hd":false},{"ind":37,"ty":"sh","ix":38,"ks":{"a":0,"k":{"i":[[0,0],[0,0],[0,0],[0,0]],"o":[[0,0],[0,0],[0,0],[0,0]],"v":[[-54.579,-60.736],[-53.755,-61.304],[-48.077,-53.072],[-48.902,-52.504]],"c":true},"ix":2},"nm":"Path 38","mn":"ADBE Vector Shape - Group","hd":false},{"ind":38,"ty":"sh","ix":39,"ks":{"a":0,"k":{"i":[[0,0],[0,0],[0,0],[0,0]],"o":[[0,0],[0,0],[0,0],[0,0]],"v":[[-51.027,-63.091],[-50.176,-63.62],[-44.898,-55.127],[-45.749,-54.598]],"c":true},"ix":2},"nm":"Path 39","mn":"ADBE Vector Shape - Group","hd":false},{"ind":39,"ty":"sh","ix":40,"ks":{"a":0,"k":{"i":[[0,0],[0,0],[0,0],[0,0]],"o":[[0,0],[0,0],[0,0],[0,0]],"v":[[-47.411,-65.249],[-46.54,-65.735],[-41.668,-57.002],[-42.54,-56.516]],"c":true},"ix":2},"nm":"Path 40","mn":"ADBE Vector Shape - Group","hd":false},{"ind":40,"ty":"sh","ix":41,"ks":{"a":0,"k":{"i":[[0,0],[0,0],[0,0],[0,0]],"o":[[0,0],[0,0],[0,0],[0,0]],"v":[[-43.663,-67.251],[-42.757,-67.701],[-38.307,-58.746],[-39.214,-58.296]],"c":true},"ix":2},"nm":"Path 41","mn":"ADBE Vector Shape - Group","hd":false},{"ind":41,"ty":"sh","ix":42,"ks":{"a":0,"k":{"i":[[0,0],[0,0],[0,0],[0,0]],"o":[[0,0],[0,0],[0,0],[0,0]],"v":[[-39.841,-69.065],[-38.934,-69.464],[-34.91,-60.309],[-35.818,-59.911]],"c":true},"ix":2},"nm":"Path 42","mn":"ADBE Vector Shape - Group","hd":false},{"ind":42,"ty":"sh","ix":43,"ks":{"a":0,"k":{"i":[[0,0],[0,0],[0,0],[0,0]],"o":[[0,0],[0,0],[0,0],[0,0]],"v":[[-35.947,-70.695],[-35.007,-71.057],[-31.415,-61.724],[-32.355,-61.362]],"c":true},"ix":2},"nm":"Path 43","mn":"ADBE Vector Shape - Group","hd":false},{"ind":43,"ty":"sh","ix":44,"ks":{"a":0,"k":{"i":[[0,0],[0,0],[0,0],[0,0]],"o":[[0,0],[0,0],[0,0],[0,0]],"v":[[-31.935,-72.157],[-31.004,-72.467],[-27.849,-62.978],[-28.78,-62.668]],"c":true},"ix":2},"nm":"Path 44","mn":"ADBE Vector Shape - Group","hd":false},{"ind":44,"ty":"sh","ix":45,"ks":{"a":0,"k":{"i":[[0,0],[0,0],[0,0],[0,0]],"o":[[0,0],[0,0],[0,0],[0,0]],"v":[[-27.951,-73.406],[-26.99,-73.679],[-24.263,-64.058],[-25.224,-63.785]],"c":true},"ix":2},"nm":"Path 45","mn":"ADBE Vector Shape - Group","hd":false},{"ind":45,"ty":"sh","ix":46,"ks":{"a":0,"k":{"i":[[0,0],[0,0],[0,0],[0,0]],"o":[[0,0],[0,0],[0,0],[0,0]],"v":[[-23.843,-74.495],[-22.851,-74.729],[-20.557,-64.996],[-21.549,-64.762]],"c":true},"ix":2},"nm":"Path 46","mn":"ADBE Vector Shape - Group","hd":false},{"ind":46,"ty":"sh","ix":47,"ks":{"a":0,"k":{"i":[[0,0],[0,0],[0,0],[0,0]],"o":[[0,0],[0,0],[0,0],[0,0]],"v":[[-19.739,-75.392],[-18.77,-75.577],[-16.894,-65.754],[-17.864,-65.569]],"c":true},"ix":2},"nm":"Path 47","mn":"ADBE Vector Shape - Group","hd":false},{"ind":47,"ty":"sh","ix":48,"ks":{"a":0,"k":{"i":[[0,0],[0,0],[0,0],[0,0]],"o":[[0,0],[0,0],[0,0],[0,0]],"v":[[-15.614,-76.111],[-14.617,-76.259],[-13.154,-66.366],[-14.151,-66.219]],"c":true},"ix":2},"nm":"Path 48","mn":"ADBE Vector Shape - Group","hd":false},{"ind":48,"ty":"sh","ix":49,"ks":{"a":0,"k":{"i":[[0,0],[0,0],[0,0],[0,0]],"o":[[0,0],[0,0],[0,0],[0,0]],"v":[[-11.38,-76.669],[-10.394,-76.774],[-9.339,-66.83],[-10.325,-66.725]],"c":true},"ix":2},"nm":"Path 49","mn":"ADBE Vector Shape - Group","hd":false},{"ind":49,"ty":"sh","ix":50,"ks":{"a":0,"k":{"i":[[0,0],[0,0],[0,0],[0,0]],"o":[[0,0],[0,0],[0,0],[0,0]],"v":[[-7.272,-77.044],[-6.283,-77.111],[-5.611,-67.133],[-6.6,-67.067]],"c":true},"ix":2},"nm":"Path 50","mn":"ADBE Vector Shape - Group","hd":false},{"ind":50,"ty":"sh","ix":51,"ks":{"a":0,"k":{"i":[[0,0],[0,0],[0,0],[0,0]],"o":[[0,0],[0,0],[0,0],[0,0]],"v":[[-3.09,-77.265],[-2.076,-77.295],[-1.781,-67.3],[-2.795,-67.27]],"c":true},"ix":2},"nm":"Path 51","mn":"ADBE Vector Shape - Group","hd":false},{"ind":51,"ty":"sh","ix":52,"ks":{"a":0,"k":{"i":[[0,0],[0,0],[0,0],[0,0]],"o":[[0,0],[0,0],[0,0],[0,0]],"v":[[1.191,-77.331],[2.222,-77.322],[2.142,-67.323],[1.112,-67.331]],"c":true},"ix":2},"nm":"Path 52","mn":"ADBE Vector Shape - Group","hd":false},{"ind":52,"ty":"sh","ix":53,"ks":{"a":0,"k":{"i":[[0,0],[0,0],[0,0],[0,0]],"o":[[0,0],[0,0],[0,0],[0,0]],"v":[[5.468,-77.234],[6.472,-77.186],[6.003,-67.197],[4.999,-67.245]],"c":true},"ix":2},"nm":"Path 53","mn":"ADBE Vector Shape - Group","hd":false},{"ind":53,"ty":"sh","ix":54,"ks":{"a":0,"k":{"i":[[0,0],[0,0],[0,0],[0,0]],"o":[[0,0],[0,0],[0,0],[0,0]],"v":[[9.642,-76.975],[10.619,-76.89],[9.754,-66.927],[8.777,-67.012]],"c":true},"ix":2},"nm":"Path 54","mn":"ADBE Vector Shape - Group","hd":false},{"ind":54,"ty":"sh","ix":55,"ks":{"a":0,"k":{"i":[[0,0],[0,0],[0,0],[0,0]],"o":[[0,0],[0,0],[0,0],[0,0]],"v":[[13.783,-76.55],[14.797,-76.42],[13.521,-66.501],[12.507,-66.632]],"c":true},"ix":2},"nm":"Path 55","mn":"ADBE Vector Shape - Group","hd":false},{"ind":55,"ty":"sh","ix":56,"ks":{"a":0,"k":{"i":[[0,0],[0,0],[0,0],[0,0]],"o":[[0,0],[0,0],[0,0],[0,0]],"v":[[18.008,-75.936],[18.992,-75.765],[17.286,-65.912],[16.302,-66.082]],"c":true},"ix":2},"nm":"Path 56","mn":"ADBE Vector Shape - Group","hd":false},{"ind":56,"ty":"sh","ix":57,"ks":{"a":0,"k":{"i":[[0,0],[0,0],[0,0],[0,0]],"o":[[0,0],[0,0],[0,0],[0,0]],"v":[[22.116,-75.154],[23.071,-74.945],[20.933,-65.176],[19.979,-65.385]],"c":true},"ix":2},"nm":"Path 57","mn":"ADBE Vector Shape - Group","hd":false},{"ind":57,"ty":"sh","ix":58,"ks":{"a":0,"k":{"i":[[0,0],[0,0],[0,0],[0,0]],"o":[[0,0],[0,0],[0,0],[0,0]],"v":[[26.242,-74.175],[27.218,-73.914],[24.633,-64.253],[23.657,-64.515]],"c":true},"ix":2},"nm":"Path 58","mn":"ADBE Vector Shape - Group","hd":false},{"ind":58,"ty":"sh","ix":59,"ks":{"a":0,"k":{"i":[[0,0],[0,0],[0,0],[0,0]],"o":[[0,0],[0,0],[0,0],[0,0]],"v":[[30.324,-73.004],[31.268,-72.704],[28.233,-63.175],[27.289,-63.476]],"c":true},"ix":2},"nm":"Path 59","mn":"ADBE Vector Shape - Group","hd":false},{"ind":59,"ty":"sh","ix":60,"ks":{"a":0,"k":{"i":[[0,0],[0,0],[0,0],[0,0]],"o":[[0,0],[0,0],[0,0],[0,0]],"v":[[34.293,-71.661],[35.247,-71.306],[31.763,-61.933],[30.81,-62.287]],"c":true},"ix":2},"nm":"Path 60","mn":"ADBE Vector Shape - Group","hd":false},{"ind":60,"ty":"sh","ix":61,"ks":{"a":0,"k":{"i":[[0,0],[0,0],[0,0],[0,0]],"o":[[0,0],[0,0],[0,0],[0,0]],"v":[[38.282,-70.093],[39.201,-69.7],[35.264,-60.507],[34.345,-60.901]],"c":true},"ix":2},"nm":"Path 61","mn":"ADBE Vector Shape - Group","hd":false},{"ind":61,"ty":"sh","ix":62,"ks":{"a":0,"k":{"i":[[0,0],[0,0],[0,0],[0,0]],"o":[[0,0],[0,0],[0,0],[0,0]],"v":[[42.127,-68.362],[43.011,-67.931],[38.633,-58.94],[37.748,-59.371]],"c":true},"ix":2},"nm":"Path 62","mn":"ADBE Vector Shape - Group","hd":false},{"ind":62,"ty":"sh","ix":63,"ks":{"a":0,"k":{"i":[[0,0],[0,0],[0,0],[0,0]],"o":[[0,0],[0,0],[0,0],[0,0]],"v":[[45.921,-66.424],[46.802,-65.94],[41.984,-57.177],[41.104,-57.661]],"c":true},"ix":2},"nm":"Path 63","mn":"ADBE Vector Shape - Group","hd":false},{"ind":63,"ty":"sh","ix":64,"ks":{"a":0,"k":{"i":[[0,0],[0,0],[0,0],[0,0]],"o":[[0,0],[0,0],[0,0],[0,0]],"v":[[49.6,-64.31],[50.445,-63.791],[45.203,-55.274],[44.359,-55.794]],"c":true},"ix":2},"nm":"Path 64","mn":"ADBE Vector Shape - Group","hd":false},{"ind":64,"ty":"sh","ix":65,"ks":{"a":0,"k":{"i":[[0,0],[0,0],[0,0],[0,0]],"o":[[0,0],[0,0],[0,0],[0,0]],"v":[[53.165,-62.023],[53.996,-61.454],[48.345,-53.204],[47.514,-53.773]],"c":true},"ix":2},"nm":"Path 65","mn":"ADBE Vector Shape - Group","hd":false},{"ind":65,"ty":"sh","ix":66,"ks":{"a":0,"k":{"i":[[0,0],[0,0],[0,0],[0,0]],"o":[[0,0],[0,0],[0,0],[0,0]],"v":[[56.629,-59.554],[57.422,-58.952],[51.378,-50.986],[50.584,-51.588]],"c":true},"ix":2},"nm":"Path 66","mn":"ADBE Vector Shape - Group","hd":false},{"ind":66,"ty":"sh","ix":67,"ks":{"a":0,"k":{"i":[[0,0],[0,0],[0,0],[0,0]],"o":[[0,0],[0,0],[0,0],[0,0]],"v":[[59.949,-56.938],[60.731,-56.284],[54.312,-48.616],[53.53,-49.27]],"c":true},"ix":2},"nm":"Path 67","mn":"ADBE Vector Shape - Group","hd":false},{"ind":67,"ty":"sh","ix":68,"ks":{"a":0,"k":{"i":[[0,0],[0,0],[0,0],[0,0]],"o":[[0,0],[0,0],[0,0],[0,0]],"v":[[63.196,-54.117],[63.939,-53.433],[57.162,-46.08],[56.419,-46.764]],"c":true},"ix":2},"nm":"Path 68","mn":"ADBE Vector Shape - Group","hd":false},{"ind":68,"ty":"sh","ix":69,"ks":{"a":0,"k":{"i":[[0,0],[0,0],[0,0],[0,0]],"o":[[0,0],[0,0],[0,0],[0,0]],"v":[[66.274,-51.178],[66.977,-50.466],[59.867,-43.435],[59.164,-44.146]],"c":true},"ix":2},"nm":"Path 69","mn":"ADBE Vector Shape - Group","hd":false},{"ind":69,"ty":"sh","ix":70,"ks":{"a":0,"k":{"i":[[0,0],[0,0],[0,0],[0,0]],"o":[[0,0],[0,0],[0,0],[0,0]],"v":[[69.184,-48.132],[69.849,-47.396],[62.429,-40.691],[61.765,-41.427]],"c":true},"ix":2},"nm":"Path 70","mn":"ADBE Vector Shape - Group","hd":false},{"ind":70,"ty":"sh","ix":71,"ks":{"a":0,"k":{"i":[[0,0],[0,0],[0,0],[0,0]],"o":[[0,0],[0,0],[0,0],[0,0]],"v":[[71.929,-44.99],[72.56,-44.227],[64.855,-37.853],[64.223,-38.616]],"c":true},"ix":2},"nm":"Path 71","mn":"ADBE Vector Shape - Group","hd":false},{"ind":71,"ty":"sh","ix":72,"ks":{"a":0,"k":{"i":[[0,0],[0,0],[0,0],[0,0]],"o":[[0,0],[0,0],[0,0],[0,0]],"v":[[74.59,-41.661],[75.2,-40.853],[67.223,-34.823],[66.612,-35.631]],"c":true},"ix":2},"nm":"Path 72","mn":"ADBE Vector Shape - Group","hd":false},{"ind":72,"ty":"sh","ix":73,"ks":{"a":0,"k":{"i":[[0,0],[0,0],[0,0],[0,0]],"o":[[0,0],[0,0],[0,0],[0,0]],"v":[[77.097,-38.229],[77.667,-37.404],[69.44,-31.719],[68.87,-32.544]],"c":true},"ix":2},"nm":"Path 73","mn":"ADBE Vector Shape - Group","hd":false},{"ind":73,"ty":"sh","ix":74,"ks":{"a":0,"k":{"i":[[0,0],[0,0],[0,0],[0,0]],"o":[[0,0],[0,0],[0,0],[0,0]],"v":[[79.432,-34.733],[79.962,-33.893],[71.508,-28.553],[70.977,-29.393]],"c":true},"ix":2},"nm":"Path 74","mn":"ADBE Vector Shape - Group","hd":false},{"ind":74,"ty":"sh","ix":75,"ks":{"a":0,"k":{"i":[[0,0],[0,0],[0,0],[0,0]],"o":[[0,0],[0,0],[0,0],[0,0]],"v":[[81.598,-31.184],[82.089,-30.333],[73.427,-25.337],[72.936,-26.188]],"c":true},"ix":2},"nm":"Path 75","mn":"ADBE Vector Shape - Group","hd":false},{"ind":75,"ty":"sh","ix":76,"ks":{"a":0,"k":{"i":[[0,0],[0,0],[0,0],[0,0]],"o":[[0,0],[0,0],[0,0],[0,0]],"v":[[83.658,-27.481],[84.131,-26.578],[75.273,-21.937],[74.8,-22.84]],"c":true},"ix":2},"nm":"Path 76","mn":"ADBE Vector Shape - Group","hd":false},{"ind":76,"ty":"sh","ix":77,"ks":{"a":0,"k":{"i":[[0,0],[0,0],[0,0],[0,0]],"o":[[0,0],[0,0],[0,0],[0,0]],"v":[[85.576,-23.68],[86.007,-22.771],[76.97,-18.488],[76.54,-19.397]],"c":true},"ix":2},"nm":"Path 77","mn":"ADBE Vector Shape - Group","hd":false},{"ind":77,"ty":"sh","ix":78,"ks":{"a":0,"k":{"i":[[0,0],[0,0],[0,0],[0,0]],"o":[[0,0],[0,0],[0,0],[0,0]],"v":[[87.316,-19.861],[87.705,-18.951],[78.507,-15.026],[78.118,-15.937]],"c":true},"ix":2},"nm":"Path 78","mn":"ADBE Vector Shape - Group","hd":false},{"ind":78,"ty":"sh","ix":79,"ks":{"a":0,"k":{"i":[[0,0],[0,0],[0,0],[0,0]],"o":[[0,0],[0,0],[0,0],[0,0]],"v":[[88.88,-16.041],[89.227,-15.132],[79.885,-11.566],[79.538,-12.475]],"c":true},"ix":2},"nm":"Path 79","mn":"ADBE Vector Shape - Group","hd":false},{"ind":79,"ty":"sh","ix":80,"ks":{"a":0,"k":{"i":[[0,0],[0,0],[0,0],[0,0]],"o":[[0,0],[0,0],[0,0],[0,0]],"v":[[90.338,-12.037],[90.665,-11.062],[81.186,-7.878],[80.859,-8.852]],"c":true},"ix":2},"nm":"Path 80","mn":"ADBE Vector Shape - Group","hd":false},{"ind":80,"ty":"sh","ix":81,"ks":{"a":0,"k":{"i":[[0,0],[0,0],[0,0],[0,0]],"o":[[0,0],[0,0],[0,0],[0,0]],"v":[[91.638,-7.956],[91.919,-6.992],[82.317,-4.199],[82.036,-5.164]],"c":true},"ix":2},"nm":"Path 81","mn":"ADBE Vector Shape - Group","hd":false},{"ind":81,"ty":"sh","ix":82,"ks":{"a":0,"k":{"i":[[0,0],[0,0],[0,0],[0,0]],"o":[[0,0],[0,0],[0,0],[0,0]],"v":[[92.744,-3.921],[92.978,-2.971],[83.269,-0.578],[83.035,-1.527]],"c":true},"ix":2},"nm":"Path 82","mn":"ADBE Vector Shape - Group","hd":false},{"ind":82,"ty":"sh","ix":83,"ks":{"a":0,"k":{"i":[[0,0],[0,0],[0,0],[0,0]],"o":[[0,0],[0,0],[0,0],[0,0]],"v":[[93.658,0.056],[93.865,1.081],[84.062,3.06],[83.855,2.036]],"c":true},"ix":2},"nm":"Path 83","mn":"ADBE Vector Shape - Group","hd":false},{"ind":83,"ty":"sh","ix":84,"ks":{"a":0,"k":{"i":[[0,0],[0,0],[0,0],[0,0]],"o":[[0,0],[0,0],[0,0],[0,0]],"v":[[94.455,4.412],[94.609,5.427],[84.723,6.93],[84.569,5.915]],"c":true},"ix":2},"nm":"Path 84","mn":"ADBE Vector Shape - Group","hd":false},{"ind":84,"ty":"sh","ix":85,"ks":{"a":0,"k":{"i":[[0,0],[0,0],[0,0],[0,0]],"o":[[0,0],[0,0],[0,0],[0,0]],"v":[[95.02,8.669],[95.118,9.648],[85.169,10.649],[85.07,9.671]],"c":true},"ix":2},"nm":"Path 85","mn":"ADBE Vector Shape - Group","hd":false},{"ind":85,"ty":"sh","ix":86,"ks":{"a":0,"k":{"i":[[0,0],[0,0],[0,0],[0,0]],"o":[[0,0],[0,0],[0,0],[0,0]],"v":[[95.351,12.788],[95.394,13.723],[85.405,14.187],[85.361,13.252]],"c":true},"ix":2},"nm":"Path 86","mn":"ADBE Vector Shape - Group","hd":false},{"ind":86,"ty":"sh","ix":87,"ks":{"a":0,"k":{"i":[[0,0],[0,0],[0,0],[0,0]],"o":[[0,0],[0,0],[0,0],[0,0]],"v":[[95.469,17.021],[95.471,18.042],[85.471,18.062],[85.469,17.041]],"c":true},"ix":2},"nm":"Path 87","mn":"ADBE Vector Shape - Group","hd":false},{"ind":87,"ty":"sh","ix":88,"ks":{"a":0,"k":{"i":[[0,0],[0,0],[0,0],[0,0]],"o":[[0,0],[0,0],[0,0],[0,0]],"v":[[95.411,21.263],[95.372,22.251],[85.38,21.858],[85.419,20.87]],"c":true},"ix":2},"nm":"Path 88","mn":"ADBE Vector Shape - Group","hd":false},{"ind":88,"ty":"sh","ix":89,"ks":{"a":0,"k":{"i":[[0,0],[0,0],[0,0],[0,0]],"o":[[0,0],[0,0],[0,0],[0,0]],"v":[[95.186,25.37],[95.108,26.336],[85.14,25.535],[85.218,24.569]],"c":true},"ix":2},"nm":"Path 89","mn":"ADBE Vector Shape - Group","hd":false},{"ind":89,"ty":"sh","ix":90,"ks":{"a":0,"k":{"i":[[0,0],[0,0],[0,0],[0,0]],"o":[[0,0],[0,0],[0,0],[0,0]],"v":[[94.771,29.633],[94.646,30.64],[84.722,29.404],[84.848,28.398]],"c":true},"ix":2},"nm":"Path 90","mn":"ADBE Vector Shape - Group","hd":false},{"ind":90,"ty":"sh","ix":91,"ks":{"a":0,"k":{"i":[[0,0],[0,0],[0,0],[0,0]],"o":[[0,0],[0,0],[0,0],[0,0]],"v":[[94.18,33.815],[94.017,34.782],[84.156,33.118],[84.32,32.151]],"c":true},"ix":2},"nm":"Path 91","mn":"ADBE Vector Shape - Group","hd":false},{"ind":91,"ty":"sh","ix":92,"ks":{"a":0,"k":{"i":[[0,0],[0,0],[0,0],[0,0]],"o":[[0,0],[0,0],[0,0],[0,0]],"v":[[93.425,37.882],[93.208,38.897],[83.429,36.808],[83.646,35.793]],"c":true},"ix":2},"nm":"Path 92","mn":"ADBE Vector Shape - Group","hd":false},{"ind":92,"ty":"sh","ix":93,"ks":{"a":0,"k":{"i":[[0,0],[0,0],[0,0],[0,0]],"o":[[0,0],[0,0],[0,0],[0,0]],"v":[[92.451,42.087],[92.199,43.053],[82.524,40.526],[82.776,39.56]],"c":true},"ix":2},"nm":"Path 93","mn":"ADBE Vector Shape - Group","hd":false},{"ind":93,"ty":"sh","ix":94,"ks":{"a":0,"k":{"i":[[0,0],[0,0],[0,0],[0,0]],"o":[[0,0],[0,0],[0,0],[0,0]],"v":[[91.336,46.087],[91.053,47.004],[81.496,44.059],[81.779,43.142]],"c":true},"ix":2},"nm":"Path 94","mn":"ADBE Vector Shape - Group","hd":false},{"ind":94,"ty":"sh","ix":95,"ks":{"a":0,"k":{"i":[[0,0],[0,0],[0,0],[0,0]],"o":[[0,0],[0,0],[0,0],[0,0]],"v":[[90.003,50.156],[89.661,51.109],[80.248,47.734],[80.59,46.781]],"c":true},"ix":2},"nm":"Path 95","mn":"ADBE Vector Shape - Group","hd":false},{"ind":95,"ty":"sh","ix":96,"ks":{"a":0,"k":{"i":[[0,0],[0,0],[0,0],[0,0]],"o":[[0,0],[0,0],[0,0],[0,0]],"v":[[88.52,54.083],[88.155,54.976],[78.899,51.191],[79.264,50.298]],"c":true},"ix":2},"nm":"Path 96","mn":"ADBE Vector Shape - Group","hd":false},{"ind":96,"ty":"sh","ix":97,"ks":{"a":0,"k":{"i":[[0,0],[0,0],[0,0],[0,0]],"o":[[0,0],[0,0],[0,0],[0,0]],"v":[[86.846,57.982],[86.418,58.909],[77.341,54.712],[77.77,53.786]],"c":true},"ix":2},"nm":"Path 97","mn":"ADBE Vector Shape - Group","hd":false},{"ind":97,"ty":"sh","ix":98,"ks":{"a":0,"k":{"i":[[0,0],[0,0],[0,0],[0,0]],"o":[[0,0],[0,0],[0,0],[0,0]],"v":[[85.017,61.772],[84.578,62.622],[75.693,58.033],[76.132,57.182]],"c":true},"ix":2},"nm":"Path 98","mn":"ADBE Vector Shape - Group","hd":false},{"ind":98,"ty":"sh","ix":99,"ks":{"a":0,"k":{"i":[[0,0],[0,0],[0,0],[0,0]],"o":[[0,0],[0,0],[0,0],[0,0]],"v":[[82.998,65.522],[82.492,66.402],[73.821,61.421],[74.326,60.541]],"c":true},"ix":2},"nm":"Path 99","mn":"ADBE Vector Shape - Group","hd":false},{"ind":99,"ty":"sh","ix":100,"ks":{"a":0,"k":{"i":[[0,0],[0,0],[0,0],[0,0]],"o":[[0,0],[0,0],[0,0],[0,0]],"v":[[80.881,69.072],[80.341,69.925],[71.891,64.578],[72.431,63.725]],"c":true},"ix":2},"nm":"Path 100","mn":"ADBE Vector Shape - Group","hd":false},{"ind":100,"ty":"sh","ix":101,"ks":{"a":0,"k":{"i":[[0,0],[0,0],[0,0],[0,0]],"o":[[0,0],[0,0],[0,0],[0,0]],"v":[[78.505,72.688],[77.959,73.474],[69.752,67.76],[70.299,66.974]],"c":true},"ix":2},"nm":"Path 101","mn":"ADBE Vector Shape - Group","hd":false},{"ind":101,"ty":"sh","ix":102,"ks":{"a":0,"k":{"i":[[0,0],[0,0],[0,0],[0,0]],"o":[[0,0],[0,0],[0,0],[0,0]],"v":[[76.031,76.121],[75.431,76.911],[67.469,70.859],[68.07,70.07]],"c":true},"ix":2},"nm":"Path 102","mn":"ADBE Vector Shape - Group","hd":false},{"ty":"mm","mm":1,"nm":"Merge Paths 1","mn":"ADBE Vector Filter - Merge","hd":false},{"ty":"fl","c":{"a":0,"k":[0.356862745098,0.356862745098,0.356862745098,1],"ix":4},"o":{"a":0,"k":100,"ix":5},"r":1,"bm":0,"nm":"Fill 1","mn":"ADBE Vector Graphic - Fill","hd":false},{"ty":"tr","p":{"a":0,"k":[199.975,182.831],"ix":2},"a":{"a":0,"k":[0,0],"ix":1},"s":{"a":0,"k":[100,100],"ix":3},"r":{"a":0,"k":0,"ix":6},"o":{"a":0,"k":100,"ix":7},"sk":{"a":0,"k":0,"ix":4},"sa":{"a":0,"k":0,"ix":5},"nm":"Transform"}],"nm":"Group 2","np":104,"cix":2,"bm":0,"ix":2,"mn":"ADBE Vector Group","hd":false}],"ip":0,"op":120.0000048877,"st":0,"bm":0},{"ddd":0,"ind":4,"ty":5,"nm":"meter","sr":1,"ks":{"o":{"a":0,"k":100,"ix":11},"r":{"a":0,"k":0,"ix":10},"p":{"a":0,"k":[167.388,276,0],"ix":2,"l":2},"a":{"a":0,"k":[0,0,0],"ix":1,"l":2},"s":{"a":0,"k":[100,100,100],"ix":6,"l":2}},"ao":0,"t":{"d":{"k":[{"s":{"s":25,"f":"Cabin-Regular","t":"meter","ca":0,"j":0,"tr":0,"lh":30,"ls":0,"fc":[0.231,0.235,0.239],"sc":[0.922,0.922,0.922],"sw":0.75,"of":false},"t":0}]},"p":{},"m":{"g":1,"a":{"a":0,"k":[0,0],"ix":2}},"a":[]},"ip":0,"op":120.0000048877,"st":0,"bm":0},{"ddd":0,"ind":5,"ty":1,"nm":"White Solid 1","sr":1,"ks":{"o":{"a":0,"k":100,"ix":11},"r":{"a":0,"k":0,"ix":10},"p":{"a":0,"k":[200,200,0],"ix":2,"l":2},"a":{"a":0,"k":[200,200,0],"ix":1,"l":2},"s":{"a":0,"k":[100,100,100],"ix":6,"l":2}},"ao":0,"sw":400,"sh":400,"sc":"#ffffff","ip":0,"op":120.0000048877,"st":0,"bm":0}],"markers":[],"chars":[{"ch":"m","size":25,"style":"Regular","w":87.7,"data":{"shapes":[{"ty":"gr","it":[{"ind":0,"ty":"sh","ix":1,"ks":{"a":0,"k":{"i":[[0,0],[0,0],[0,0],[-2.6,1.45],[-3.3,0],[-1.734,-0.833],[-0.967,-2.166],[0,-4],[0,0],[0,0],[0,0],[-0.284,1.567],[-0.884,1.4],[-1.734,0.884],[-2.867,0],[-1.8,-2.1],[0,-4.6],[0,0],[0,0],[0,0],[1.416,3.117],[2.8,1.517],[4.1,0],[3.033,-2.2],[1.466,-3.8],[0,0],[1.783,1.95],[2.216,0.784],[2.4,0],[2.9,-1.283],[3.066,-3.3],[0,0],[0,0],[0,0],[0,0]],"o":[[0,0],[0,0],[0.9,-3.166],[2.6,-1.45],[2.266,0],[1.733,0.834],[0.966,2.167],[0,0],[0,0],[0,0],[0,-1.366],[0.283,-1.566],[0.883,-1.4],[1.733,-0.883],[4.066,0],[1.8,2.1],[0,0],[0,0],[0,0],[0,-4.8],[-1.417,-3.116],[-2.8,-1.516],[-5.134,0],[-3.034,2.2],[0,0],[-1.067,-3.466],[-1.784,-1.95],[-2.217,-0.783],[-3.2,0],[-2.9,1.284],[0,0],[0,0],[0,0],[0,0],[0,0]],"v":[[15.1,0],[15.1,-37.8],[14,-32.9],[19.25,-39.825],[28.1,-42],[34.1,-40.75],[38.15,-36.25],[39.6,-27],[39.6,0],[48.6,0],[48.6,-28.4],[49.025,-32.8],[50.775,-37.25],[54.7,-40.675],[61.6,-42],[70.4,-38.85],[73.1,-28.8],[73.1,0],[82.1,0],[82.1,-28.9],[79.975,-40.775],[73.65,-47.725],[63.3,-50],[51.05,-46.7],[44.3,-37.7],[46.8,-36.6],[42.525,-44.725],[36.525,-48.825],[29.6,-50],[20.45,-48.075],[11.5,-41.2],[14.9,-39.6],[13.1,-49],[6.1,-49],[6.1,0]],"c":true},"ix":2},"nm":"m","mn":"ADBE Vector Shape - Group","hd":false}],"nm":"m","np":3,"cix":2,"bm":0,"ix":1,"mn":"ADBE Vector Group","hd":false}]},"fFamily":"Cabin"},{"ch":"e","size":25,"style":"Regular","w":51.2,"data":{"shapes":[{"ty":"gr","it":[{"ind":0,"ty":"sh","ix":1,"ks":{"a":0,"k":{"i":[[-2.734,0.85],[-1.9,0.834],[0,0],[2.466,-0.466],[2.266,0],[2.633,1.034],[1.733,2.534],[0.433,4.534],[0,0],[-0.05,0.817],[0,0.7],[1.816,3.084],[3.183,1.617],[4.066,0],[3.583,-2.283],[1.883,-3.8],[0,-4.566],[-2.017,-3.916],[-3.934,-2.366],[-5.767,0]],"o":[[2.733,-0.85],[0,0],[-2.2,1],[-2.467,0.467],[-3.1,0],[-2.634,-1.033],[-1.734,-2.533],[0,0],[0.166,-0.866],[0.05,-0.816],[0,-4.4],[-1.817,-3.083],[-3.184,-1.616],[-5.067,0],[-3.584,2.284],[-1.884,3.8],[0,4.7],[2.016,3.917],[3.933,2.367],[3.566,0]],"v":[[39.05,-0.275],[46,-2.8],[44.8,-9.9],[37.8,-7.7],[30.7,-7],[22.1,-8.55],[15.55,-13.9],[12.3,-24.5],[47.8,-24.5],[48.125,-27.025],[48.2,-29.3],[45.475,-40.525],[37.975,-47.575],[27.1,-50],[14.125,-46.575],[5.925,-37.45],[3.1,-24.9],[6.125,-11.975],[15.05,-2.55],[29.6,1]],"c":true},"ix":2},"nm":"e","mn":"ADBE Vector Shape - Group","hd":false},{"ind":1,"ty":"sh","ix":2,"ks":{"a":0,"k":{"i":[[-2.15,1.984],[-4,0],[-1.767,-0.916],[-0.867,-1.7],[0,-2.3],[0,0]],"o":[[2.15,-1.983],[2.733,0],[1.766,0.917],[0.866,1.7],[0,0],[0.9,-3.566]],"v":[[17.675,-39.025],[26.9,-42],[33.65,-40.625],[37.6,-36.7],[38.9,-30.7],[13.1,-30.7]],"c":true},"ix":2},"nm":"e","mn":"ADBE Vector Shape - Group","hd":false}],"nm":"e","np":5,"cix":2,"bm":0,"ix":1,"mn":"ADBE Vector Group","hd":false}]},"fFamily":"Cabin"},{"ch":"t","size":25,"style":"Regular","w":33.7,"data":{"shapes":[{"ty":"gr","it":[{"ind":0,"ty":"sh","ix":1,"ks":{"a":0,"k":{"i":[[0,0],[0,0],[0,0],[1.45,0.367],[0.366,1.4],[0,3.134],[0,0],[0,0],[0,0],[0,0],[0,0],[0,0],[0,0],[0,0],[0,0],[0,0],[0,0],[-0.85,-1.783],[-1.867,-1.133],[-3.1,0]],"o":[[0,0],[0,0],[-3.234,0],[-1.45,-0.366],[-0.367,-1.4],[0,0],[0,0],[0,0],[0,0],[0,0],[0,0],[0,0],[0,0],[0,0],[0,0],[0,0],[0,1.967],[0.85,1.784],[1.866,1.133],[0,0]],"v":[[31.1,1],[31.8,-6.2],[29.5,-6.2],[22.475,-6.75],[19.75,-9.4],[19.2,-16.2],[19.2,-42],[32.1,-42],[32.1,-49],[19.2,-49],[19.2,-62],[10.2,-61.1],[10.2,-49],[2.6,-49],[1.8,-42],[10.2,-42],[10.2,-10.7],[11.475,-5.075],[15.55,-0.7],[23,1]],"c":true},"ix":2},"nm":"t","mn":"ADBE Vector Shape - Group","hd":false}],"nm":"t","np":3,"cix":2,"bm":0,"ix":1,"mn":"ADBE Vector Group","hd":false}]},"fFamily":"Cabin"},{"ch":"r","size":25,"style":"Regular","w":31.6,"data":{"shapes":[{"ty":"gr","it":[{"ind":0,"ty":"sh","ix":1,"ks":{"a":0,"k":{"i":[[0,0],[0,0],[-2.184,1.15],[-2.6,0],[-0.484,-0.05],[-0.434,-0.1],[0,0],[0.833,0],[2.283,-1.483],[2.5,-3.1],[0,0],[0,0],[0,0]],"o":[[0,0],[0.9,-1.366],[2.183,-1.15],[0.6,0],[0.483,0.05],[0,0],[-0.7,-0.2],[-2.6,0],[-2.284,1.484],[0,0],[0,0],[0,0],[0,0]],"v":[[15.7,0],[15.7,-34.6],[20.325,-38.375],[27.5,-40.1],[29.125,-40.025],[30.5,-39.8],[31.4,-49.7],[29.1,-50],[21.775,-47.775],[14.6,-40.9],[13.5,-49],[6.1,-49],[6.1,0]],"c":true},"ix":2},"nm":"r","mn":"ADBE Vector Shape - Group","hd":false}],"nm":"r","np":3,"cix":2,"bm":0,"ix":1,"mn":"ADBE Vector Group","hd":false}]},"fFamily":"Cabin"}]}